<service>
    <id>FlexiCore</id>
    <name>FlexiCore</name>
	<startmode>Automatic</startmode>
	<depend>postgreSQL-x64-12</depend>
	<stoptimeout>10sec</stoptimeout>
	<depend>MongoDB</depend>
    <description>This runs FlexiCore as a Service.</description>
    <executable>java</executable>
    <arguments>--add-opens java.base/jdk.internal.loader=ALL-UNNAMED -Dloader.main=com.flexicore.init.FlexiCoreApplication -Dloader.debug=true -Dloader.path=file:/wizzdi/server/flexicore/entities/ -Xrs -Xms64M -Xmx2048m -XX:+UseG1GC  -XX:MetaspaceSize=96M -XX:MaxMetaspaceSize=256m -jar "C:\wizzdi\server\flexicore\spring\FlexiCore-4.0.8-exec.jar" --spring.config.additional-location=file:///wizzdi/server/flexicore/config/ </arguments>
    <log mode="roll-by-size">
		<sizeThreshold>30720</sizeThreshold>
		<keepFiles>8</keepFiles>
	</log>
</service>